<?xml version="1.0" encoding="UTF-8" ?>
<!DOCTYPE mapper
        PUBLIC "-//mybatis.org//DTD Mapper 3.0//EN"
        "https://mybatis.org/dtd/mybatis-3-mapper.dtd">
<mapper namespace="com.green.project2nd.join.JoinMapper">

    <insert id="postJoin" keyProperty="joinSeq" useGeneratedKeys="true">
        INSERT INTO party_join
        SET join_party_seq = #{joinPartySeq}
        , join_user_seq = #{joinUserSeq}
        , join_msg = #{joinMsg}
        , join_gb = 0
    </insert>

    <select id="getJoin">
        SELECT
        join_seq AS joinSeq, join_user_seq AS joinUserSeq
        , join_msg AS joinMsg, join_gb AS joinGb
        FROM party_join
        WHERE join_party_seq = #{joinPartySeq}
    </select>
    <select id="getJoinDetail">
        SELECT
        join_seq AS joinSeq, join_user_seq AS joinUserSeq
        , join_msg AS joinMsg, join_gb AS joinGb
        FROM party_join
        WHERE join_party_seq = #{joinPartySeq}
        AND join_user_seq = #{joinUserSeq}
    </select>

    <update id="updateJoin">
        UPDATE party_join
        SET join_msg = #{joinMsg}
        WHERE join_party_seq = #{joinPartySeq}
        AND join_user_seq = #{joinUserSeq}
    </update>
    <update id="updateJoinGb">
        UPDATE party_join
        SET join_gb = #{joinGb}
        WHERE join_party_seq = #{joinPartySeq}
        AND join_user_seq = #{joinUserSeq}
    </update>
    <insert id="postMember">
        INSERT INTO party_member
        SET member_party_seq = #{joinPartySeq}
        , member_user_seq = #{joinUserSeq}
        , member_role = 1
        , member_gb = 1
    </insert>

    <delete id ="deleteJoin">
        DELETE from party_join
        WHERE join_party_seq = #{joinPartySeq}
        AND join_user_seq = #{joinUserSeq}
    </delete>
</mapper>