<?xml version="1.0" encoding="UTF-8" ?>
<configuration>
    <conversionRule conversionWord="color"
                    converterClass="org.springframework.boot.logging.logback.ColorConverter"/><!--내부에 들어갈 내용이 없으면 바로 닫을 수 있음-->
    <property name="LOG_PATH" value ="./logs"/>
    <property name="LOG_FILE_NAME" value="logInfo" />
    <property name="LOG_PATTERN" value="[%d{yyyy-MM-dd HH:mm:ss} %color(%-5level){} %thread] [%logger] %color(%msg){cyan} %n" />
    <appender name="FILE" class="ch.qos.logback.core.rolling.RollingFileAppender">
        <file>${LOG_PATH}/{LOG_FILE_NAME}.log</file>
        <rollingPolicy class="ch.qos.logback.core.rolling.TimeBasedRollingPolicy">
            <fileNamePattern>${LOG_PATH}/${LOG_FILE_NAME}_%d{yyyy-MM-dd}.log</fileNamePattern>
        </rollingPolicy>
        <encoder class="ch.qos.logback.classic.encoder.PatternLayoutEncoder">
            <pattern>${LOG_PATTERN}</pattern>
        </encoder>
    </appender>
    <appender name="CONSOLE" class = "ch.qos.logback.core.ConsoleAppender">
        <encoder class="ch.qos.logback.classic.encoder.PatternLayoutEncoder">
            <pattern>${LOG_PATTERN}</pattern>
        </encoder>
    </appender>

    <logger name="jdbc" level="OFF"/>
    <logger name="jdbc.sqlonly" level="OFF" />
    <logger name="jdbc.sqltiming" level="DEBUG" />
    <logger name="jdbc.audit" level="OFF" />
    <logger name="jdbc.resultset" level="OFF" />
    <logger name="jdbc.resultsettable" level="DEBUG" />
    <logger name="jdbc.connection" level="OFF" />

    <root level="INFO">
        <appender-ref ref="FILE"/>
        <appender-ref ref="CONSOLE"/>
    </root>


</configuration>